investor_id,sip_transactions,average_gap_days,total_sip_amount_inr,last_sip_date,continuity_status
INV001890,6,102.6,7890,2025-05-29,at-risk
INV001156,6,102.4,51977,2025-05-28,at-risk
INV004296,6,102.2,77419,2025-05-27,at-risk
INV003325,6,101.0,42846,2025-05-26,at-risk
INV000522,6,100.8,28275,2025-05-30,at-risk
INV000608,6,100.2,45475,2025-05-24,at-risk
INV001883,6,99.2,16745,2025-05-26,at-risk
INV002166,6,99.2,88421,2025-05-11,at-risk
INV001367,6,99.0,71798,2025-05-12,at-risk
INV001491,6,98.8,37904,2025-05-15,at-risk
INV004454,6,98.4,64506,2025-05-30,at-risk
INV002873,6,98.2,103488,2025-05-23,at-risk
INV003684,6,98.2,50536,2025-05-30,at-risk
INV001237,6,98.0,66778,2025-05-22,at-risk
INV001769,6,98.0,28957,2025-05-07,at-risk
INV000437,6,97.8,32739,2025-05-04,at-risk
INV001141,6,97.6,34460,2025-05-29,at-risk
INV001304,6,97.6,127605,2025-05-08,at-risk
INV002558,6,97.6,52002,2025-05-25,at-risk
INV000318,6,97.4,69726,2025-05-30,at-risk
INV000380,6,97.0,72700,2025-05-17,at-risk
INV001070,6,97.0,103923,2025-05-04,at-risk
INV001190,6,97.0,45744,2025-05-03,at-risk
INV002395,6,97.0,58610,2025-05-16,at-risk
INV002912,6,97.0,82487,2025-05-21,at-risk
INV004143,6,97.0,61426,2025-05-21,at-risk
INV001013,6,96.8,81838,2025-05-07,at-risk
INV003649,6,96.8,86339,2025-05-20,at-risk
INV003193,6,96.6,65353,2025-05-02,at-risk
INV003234,6,96.6,45926,2025-05-16,at-risk
INV003686,6,96.6,70889,2025-05-23,at-risk
INV001891,6,96.4,22169,2025-05-30,at-risk
INV004625,6,96.4,78521,2025-05-30,at-risk
INV000549,6,96.2,86784,2025-05-14,at-risk
INV001167,6,96.2,78024,2025-04-28,at-risk
INV000335,6,96.0,68848,2025-05-19,at-risk
INV002883,6,96.0,127978,2025-05-12,at-risk
INV003473,6,95.8,40058,2025-05-01,at-risk
INV001809,6,95.6,66937,2025-05-13,at-risk
INV002463,6,95.4,43792,2025-05-29,at-risk
INV002372,6,95.2,55170,2025-05-16,at-risk
INV002560,6,95.2,25934,2025-04-22,at-risk
INV003645,6,95.2,18205,2025-05-19,at-risk
INV003996,6,95.2,97507,2025-05-15,at-risk
INV000491,6,95.0,43008,2025-05-22,at-risk
INV001772,6,95.0,113146,2025-05-10,at-risk
INV000214,6,94.8,67357,2025-04-29,at-risk
INV004463,6,94.8,77554,2025-05-06,at-risk
INV000663,6,94.4,83316,2025-04-20,at-risk
INV002348,6,94.4,43335,2025-05-16,at-risk
INV001331,6,94.2,31343,2025-04-19,at-risk
INV000339,6,94.0,74556,2025-05-30,at-risk
INV000651,6,94.0,34381,2025-05-04,at-risk
INV000814,6,94.0,111708,2025-04-29,at-risk
INV002594,6,94.0,98891,2025-05-22,at-risk
INV000652,6,93.8,34837,2025-05-23,at-risk
INV001602,6,93.8,66310,2025-04-20,at-risk
INV004704,6,93.8,86091,2025-04-30,at-risk
INV000028,6,93.6,84262,2025-05-20,at-risk
INV000238,6,93.6,146422,2025-05-21,at-risk
INV001005,6,93.6,74535,2025-05-20,at-risk
INV004181,6,93.4,151759,2025-05-17,at-risk
INV001055,6,93.2,77109,2025-04-24,at-risk
INV004738,6,93.2,47110,2025-05-05,at-risk
INV003985,6,93.0,25396,2025-04-28,at-risk
INV000087,6,92.8,105288,2025-05-29,at-risk
INV000673,6,92.8,145533,2025-04-21,at-risk
INV001545,6,92.8,85986,2025-05-07,at-risk
INV000737,6,92.6,146341,2025-05-08,at-risk
INV001316,6,92.4,14835,2025-05-12,at-risk
INV003350,6,92.4,27929,2025-05-21,at-risk
INV003683,6,92.4,85416,2025-04-17,at-risk
INV003968,6,92.4,55226,2025-05-07,at-risk
INV000245,6,92.2,46023,2025-05-14,at-risk
INV001196,6,92.2,61840,2025-05-26,at-risk
INV001287,6,92.2,74519,2025-04-14,at-risk
INV000217,6,92.0,44146,2025-05-09,at-risk
INV001623,6,92.0,62993,2025-05-01,at-risk
INV000076,6,91.8,50910,2025-05-10,at-risk
INV002138,6,91.8,20298,2025-04-25,at-risk
INV002418,6,91.6,34952,2025-05-02,at-risk
INV003112,6,91.6,68105,2025-04-24,at-risk
INV000457,6,91.4,32725,2025-05-27,at-risk
INV003028,6,91.4,77674,2025-04-03,at-risk
INV003718,6,91.4,81262,2025-05-22,at-risk
INV000862,6,91.2,119139,2025-05-14,at-risk
INV003437,6,91.2,43627,2025-05-07,at-risk
INV000950,6,91.0,37182,2025-05-26,at-risk
INV002984,6,91.0,49158,2025-04-23,at-risk
INV003492,6,90.8,39990,2025-05-09,at-risk
INV004421,6,90.8,74958,2025-04-15,at-risk
INV000297,6,90.6,22338,2025-04-29,at-risk
INV004392,6,90.4,140197,2025-04-26,at-risk
INV002090,6,90.2,38375,2025-05-07,at-risk
INV003604,6,90.2,71928,2025-04-10,at-risk
INV003545,6,90.0,34569,2025-04-21,at-risk
INV000783,6,89.8,138175,2025-05-08,at-risk
INV002606,6,89.6,73666,2025-05-24,at-risk
INV002903,6,89.6,34145,2025-04-27,at-risk
INV003936,6,89.6,111274,2025-04-13,at-risk
INV000145,6,89.4,127034,2025-05-09,at-risk
INV001741,6,89.4,94729,2025-05-06,at-risk
INV002154,6,89.4,42587,2025-04-17,at-risk
INV003260,6,89.4,66384,2025-05-07,at-risk
INV000291,6,89.0,76178,2025-05-03,at-risk
INV002547,6,89.0,19927,2025-04-24,at-risk
INV003329,6,89.0,113204,2025-04-06,at-risk
INV003521,6,89.0,46547,2025-05-18,at-risk
INV003733,6,88.8,14893,2025-03-31,at-risk
INV000597,6,88.6,82488,2025-04-21,at-risk
INV000710,6,88.6,62975,2025-05-15,at-risk
INV001418,6,88.6,27688,2025-04-18,at-risk
INV001997,6,88.6,23078,2025-03-22,at-risk
INV001641,6,88.4,77129,2025-04-05,at-risk
INV000133,6,88.2,74695,2025-05-01,at-risk
INV000243,6,88.2,58145,2025-04-10,at-risk
INV002434,6,88.2,38421,2025-03-29,at-risk
INV002743,6,88.2,40865,2025-05-29,at-risk
INV003526,6,88.2,30478,2025-04-15,at-risk
INV004146,6,88.2,87690,2025-04-28,at-risk
INV004015,6,88.0,9734,2025-04-15,at-risk
INV003868,6,87.6,104999,2025-05-09,at-risk
INV004127,6,87.6,24949,2025-03-15,at-risk
INV002586,6,87.2,73304,2025-05-23,at-risk
INV004247,6,87.2,72050,2025-05-27,at-risk
INV004523,6,87.2,50318,2025-05-07,at-risk
INV004913,6,87.0,93099,2025-05-21,at-risk
INV000418,6,86.8,113497,2025-03-25,at-risk
INV001954,6,86.8,38164,2025-04-15,at-risk
INV003744,6,86.8,23676,2025-05-21,at-risk
INV002989,6,86.6,97001,2025-04-23,at-risk
INV003095,6,86.6,64248,2025-05-10,at-risk
INV003344,6,86.6,30966,2025-04-18,at-risk
INV004174,6,86.6,189509,2025-03-09,at-risk
INV004517,6,86.6,23579,2025-04-11,at-risk
INV000625,6,86.4,23397,2025-05-28,at-risk
INV001912,6,86.4,72585,2025-03-23,at-risk
INV001507,6,86.2,24004,2025-04-07,at-risk
INV002476,6,86.0,74851,2025-03-24,at-risk
INV001419,6,85.8,67428,2025-03-15,at-risk
INV001982,6,85.8,118849,2025-05-21,at-risk
INV003376,6,85.8,80609,2025-05-24,at-risk
INV002872,6,85.6,46749,2025-05-21,at-risk
INV003958,6,85.6,67157,2025-04-10,at-risk
INV000004,6,85.4,48256,2025-05-17,at-risk
INV000299,6,85.2,45557,2025-05-22,at-risk
INV003262,6,85.2,140022,2025-03-14,at-risk
INV003865,7,85.16666666666667,47194,2025-05-27,at-risk
INV002284,6,85.0,113616,2025-04-13,at-risk
INV002627,6,85.0,40609,2025-05-22,at-risk
INV004123,6,85.0,74440,2025-05-13,at-risk
INV000836,6,84.8,127974,2025-02-28,at-risk
INV001317,6,84.8,29592,2025-03-23,at-risk
INV002001,6,84.8,35997,2025-05-15,at-risk
INV002961,7,84.66666666666667,116671,2025-05-24,at-risk
INV003422,7,84.66666666666667,84910,2025-05-29,at-risk
INV004308,7,84.66666666666667,78626,2025-05-23,at-risk
INV000747,6,84.6,86939,2025-03-23,at-risk
INV003247,6,84.6,94982,2025-05-27,at-risk
INV004434,6,84.6,79432,2025-05-27,at-risk
INV003427,6,84.2,117717,2025-04-01,at-risk
INV003972,6,84.2,128157,2025-04-30,at-risk
INV004598,6,84.2,57630,2025-04-01,at-risk
INV001718,6,84.0,151909,2025-04-04,at-risk
INV002038,6,84.0,89042,2025-03-11,at-risk
INV004451,6,84.0,88776,2025-05-24,at-risk
INV004562,6,83.8,22466,2025-02-25,at-risk
INV000082,7,83.66666666666667,27594,2025-05-25,at-risk
INV000175,7,83.66666666666667,71320,2025-05-28,at-risk
INV000543,7,83.66666666666667,162711,2025-05-27,at-risk
INV000701,7,83.66666666666667,51486,2025-05-29,at-risk
INV002681,7,83.66666666666667,77813,2025-05-29,at-risk
INV001206,6,83.6,76395,2025-05-28,at-risk
INV001689,6,83.6,59823,2025-05-17,at-risk
INV004692,6,83.6,68610,2025-03-15,at-risk
INV004763,7,83.5,49983,2025-05-25,at-risk
INV000103,6,83.4,20675,2025-03-31,at-risk
INV001569,6,83.4,84525,2025-04-24,at-risk
INV001961,6,83.4,87250,2025-02-27,at-risk
INV004665,6,83.4,28833,2025-04-21,at-risk
INV002417,7,83.33333333333333,126729,2025-05-17,at-risk
INV000396,6,83.2,46049,2025-03-15,at-risk
INV001699,6,83.2,103956,2025-02-21,at-risk
INV001978,6,83.2,33387,2025-05-04,at-risk
INV000072,6,83.0,49372,2025-05-13,at-risk
INV000759,7,83.0,44038,2025-05-20,at-risk
INV001041,7,83.0,72624,2025-05-13,at-risk
INV003231,7,83.0,61212,2025-05-29,at-risk
INV004314,6,83.0,112485,2025-04-10,at-risk
INV004764,6,83.0,35426,2025-05-02,at-risk
INV002134,7,82.66666666666667,29028,2025-05-30,at-risk
INV003144,7,82.5,54671,2025-05-20,at-risk
INV000407,6,82.4,112123,2025-03-21,at-risk
INV003014,6,82.4,203009,2025-05-26,at-risk
INV003480,6,82.4,37752,2025-03-05,at-risk
INV002835,7,82.33333333333333,66597,2025-05-14,at-risk
INV002909,7,82.33333333333333,78147,2025-05-21,at-risk
INV004412,7,82.33333333333333,52390,2025-05-14,at-risk
INV002495,6,82.2,64609,2025-02-18,at-risk
INV003813,6,82.2,64566,2025-03-16,at-risk
INV000128,6,82.0,38273,2025-05-03,at-risk
INV001251,6,82.0,142919,2025-03-27,at-risk
INV001691,6,82.0,40648,2025-04-29,at-risk
INV002567,6,82.0,51780,2025-02-18,at-risk
INV002769,7,82.0,149870,2025-05-29,at-risk
INV003896,6,82.0,42369,2025-03-28,at-risk
INV004216,7,82.0,67522,2025-05-27,at-risk
INV003757,7,81.83333333333333,54152,2025-05-22,at-risk
INV004293,6,81.8,112638,2025-03-22,at-risk
INV004845,6,81.8,90582,2025-03-09,at-risk
INV004367,6,81.6,144139,2025-05-23,at-risk
INV000599,7,81.5,103758,2025-05-16,at-risk
INV003222,7,81.5,46924,2025-05-15,at-risk
INV003713,7,81.5,123416,2025-05-11,at-risk
INV004992,7,81.5,71260,2025-05-08,at-risk
INV001115,6,81.4,51387,2025-04-18,at-risk
INV002809,6,81.4,27992,2025-05-04,at-risk
INV004457,6,81.4,76498,2025-03-11,at-risk
INV000081,7,81.33333333333333,54704,2025-05-03,at-risk
INV002070,7,81.33333333333333,70993,2025-05-12,at-risk
INV004986,7,81.33333333333333,68422,2025-05-29,at-risk
INV000724,6,81.2,33281,2025-05-22,at-risk
INV001310,6,81.2,48861,2025-03-15,at-risk
INV003825,6,81.2,81324,2025-05-02,at-risk
INV001690,7,81.16666666666667,62532,2025-05-15,at-risk
INV002758,6,81.0,100322,2025-04-26,at-risk
INV003151,6,81.0,38290,2025-05-21,at-risk
INV004452,7,81.0,122309,2025-05-05,at-risk
INV003310,6,80.8,33878,2025-04-05,at-risk
INV004650,6,80.8,52840,2025-03-16,at-risk
INV001923,7,80.66666666666667,42011,2025-05-04,at-risk
INV002466,7,80.66666666666667,96619,2025-05-28,at-risk
INV000545,6,80.6,48548,2025-05-04,at-risk
INV001161,6,80.6,146262,2025-03-01,at-risk
INV001434,6,80.6,73116,2025-05-17,at-risk
INV001482,6,80.6,84250,2025-05-18,at-risk
INV001548,6,80.6,71244,2025-04-27,at-risk
INV002684,6,80.6,81047,2025-03-06,at-risk
INV002761,6,80.6,61101,2025-04-08,at-risk
INV004364,6,80.6,29363,2025-03-19,at-risk
INV003562,7,80.5,77371,2025-05-28,at-risk
INV004877,7,80.5,74162,2025-05-11,at-risk
INV000888,7,80.33333333333333,98413,2025-05-23,at-risk
INV003196,7,80.33333333333333,34448,2025-04-30,at-risk
INV002101,6,80.2,71140,2025-02-13,at-risk
INV003685,6,80.2,142912,2025-05-25,at-risk
INV003709,6,80.2,52354,2025-05-28,at-risk
INV000926,6,80.0,67012,2025-02-08,at-risk
INV001332,7,80.0,56992,2025-05-28,at-risk
INV002828,6,80.0,24496,2025-03-28,at-risk
INV002700,7,79.83333333333333,40488,2025-05-03,at-risk
INV000979,6,79.8,141450,2025-05-12,at-risk
INV004271,6,79.8,65605,2025-03-22,at-risk
INV001178,7,79.66666666666667,37864,2025-05-23,at-risk
INV001797,7,79.66666666666667,45355,2025-05-30,at-risk
INV003712,6,79.6,64551,2025-05-10,at-risk
INV004614,6,79.6,64197,2025-04-11,at-risk
INV003037,7,79.5,42399,2025-05-30,at-risk
INV001428,6,79.4,72032,2025-05-19,at-risk
INV002574,6,79.4,98204,2025-03-03,at-risk
INV004896,6,79.4,125806,2025-03-16,at-risk
INV001356,6,79.2,39847,2025-04-05,at-risk
INV001969,6,79.2,22578,2025-02-14,at-risk
INV004804,6,79.2,105080,2025-05-12,at-risk
INV001472,6,79.0,119937,2025-02-08,at-risk
INV001550,7,79.0,85924,2025-05-20,at-risk
INV003060,7,79.0,69534,2025-04-24,at-risk
INV003395,6,79.0,56160,2025-04-07,at-risk
INV003660,6,79.0,67446,2025-03-17,at-risk
INV003633,6,78.8,123491,2025-04-24,at-risk
INV003705,6,78.8,114828,2025-02-01,at-risk
INV001333,7,78.66666666666667,11779,2025-04-24,at-risk
INV001376,7,78.66666666666667,66059,2025-05-01,at-risk
INV001651,7,78.66666666666667,162293,2025-04-21,at-risk
INV003054,7,78.66666666666667,76249,2025-04-17,at-risk
INV003811,7,78.66666666666667,133025,2025-04-30,at-risk
INV002051,6,78.6,101112,2025-04-27,at-risk
INV002429,6,78.6,95082,2025-03-15,at-risk
INV003710,6,78.6,86512,2025-02-27,at-risk
INV001375,7,78.5,46716,2025-05-20,at-risk
INV001744,7,78.5,84479,2025-04-26,at-risk
INV004860,6,78.4,42106,2025-03-31,at-risk
INV000581,7,78.33333333333333,58863,2025-05-14,at-risk
INV004196,7,78.33333333333333,129129,2025-05-13,at-risk
INV003593,6,78.2,94754,2025-03-09,at-risk
INV004633,7,78.16666666666667,67555,2025-05-13,at-risk
INV002119,6,78.0,82710,2025-04-23,at-risk
INV002155,6,78.0,24270,2025-04-27,at-risk
INV000499,7,77.83333333333333,127344,2025-05-09,at-risk
INV002240,7,77.83333333333333,28229,2025-05-14,at-risk
INV002260,6,77.8,43224,2025-02-17,at-risk
INV004324,7,77.66666666666667,66304,2025-05-18,at-risk
INV003556,6,77.6,37784,2025-05-12,at-risk
INV003876,6,77.6,105794,2025-03-31,at-risk
INV004688,6,77.6,25122,2025-02-12,at-risk
INV000195,6,77.4,21739,2025-04-30,at-risk
INV002582,6,77.4,18333,2025-02-22,at-risk
INV003161,6,77.4,45870,2025-03-31,at-risk
INV001092,7,77.33333333333333,75632,2025-05-13,at-risk
INV000429,6,77.2,117284,2025-02-11,at-risk
INV002351,6,77.2,66039,2025-04-03,at-risk
INV003672,6,77.2,129739,2025-03-16,at-risk
INV003849,6,77.2,155813,2025-04-08,at-risk
INV000392,7,77.16666666666667,39530,2025-05-18,at-risk
INV000803,7,77.16666666666667,75412,2025-04-11,at-risk
INV001220,7,77.16666666666667,18410,2025-04-15,at-risk
INV002671,7,77.16666666666667,121426,2025-05-18,at-risk
INV003736,7,77.16666666666667,58959,2025-04-18,at-risk
INV004191,7,77.16666666666667,45090,2025-05-04,at-risk
INV000363,7,77.0,59677,2025-05-19,at-risk
INV000539,7,77.0,107371,2025-05-02,at-risk
INV002628,6,77.0,42616,2025-02-20,at-risk
INV001130,7,76.83333333333333,139695,2025-05-14,at-risk
INV003134,7,76.83333333333333,111805,2025-05-16,at-risk
INV004468,7,76.83333333333333,84516,2025-05-17,at-risk
INV001400,6,76.8,111893,2025-01-19,at-risk
INV003191,6,76.8,31967,2025-04-05,at-risk
INV002622,7,76.66666666666667,64167,2025-05-03,at-risk
INV003697,7,76.66666666666667,97774,2025-05-18,at-risk
INV002724,6,76.6,94701,2025-03-04,at-risk
INV002859,7,76.5,102010,2025-05-19,at-risk
INV002327,6,76.4,17936,2025-02-12,at-risk
INV003531,6,76.4,71480,2025-02-02,at-risk
INV003779,6,76.4,17001,2025-04-16,at-risk
INV000563,7,76.33333333333333,59358,2025-05-16,at-risk
INV002531,7,76.33333333333333,30854,2025-05-04,at-risk
INV002786,7,76.33333333333333,94391,2025-04-14,at-risk
INV004865,7,76.33333333333333,103440,2025-05-23,at-risk
INV000138,6,76.2,156066,2025-05-22,at-risk
INV001291,6,76.2,118076,2025-04-12,at-risk
INV004285,7,76.16666666666667,92708,2025-04-18,at-risk
INV001870,7,76.0,151119,2025-04-06,at-risk
INV001955,6,76.0,80106,2025-03-01,at-risk
INV000310,7,75.83333333333333,46368,2025-05-25,at-risk
INV002674,6,75.8,109896,2025-02-19,at-risk
INV002852,6,75.8,72731,2025-03-23,at-risk
INV003696,6,75.8,110522,2025-04-28,at-risk
INV000920,6,75.6,97652,2025-02-12,at-risk
INV002256,6,75.6,86659,2025-01-26,at-risk
INV003592,6,75.6,69765,2025-02-18,at-risk
INV004636,6,75.6,130293,2025-03-10,at-risk
INV004916,7,75.5,93354,2025-04-13,at-risk
INV000014,7,75.33333333333333,140315,2025-05-20,at-risk
INV004984,7,75.33333333333333,94301,2025-04-27,at-risk
INV000761,7,75.16666666666667,115474,2025-05-22,at-risk
INV003379,7,75.16666666666667,53335,2025-03-29,at-risk
INV004066,7,75.16666666666667,60661,2025-04-10,at-risk
INV000635,6,75.0,30163,2025-03-23,at-risk
INV000779,6,75.0,12215,2025-03-31,at-risk
INV001579,7,75.0,133855,2025-03-29,at-risk
INV002186,7,74.83333333333333,110455,2025-04-29,at-risk
INV000056,6,74.8,60977,2025-01-18,at-risk
INV000075,6,74.8,147761,2025-05-10,at-risk
INV003074,6,74.8,78967,2025-03-03,at-risk
INV002543,7,74.66666666666667,90368,2025-04-28,at-risk
INV002010,6,74.6,111364,2025-01-18,at-risk
INV002521,6,74.6,46638,2025-05-05,at-risk
INV003720,6,74.6,23110,2025-03-17,at-risk
INV004037,6,74.6,45922,2025-05-18,at-risk
INV002772,7,74.5,59984,2025-03-31,at-risk
INV003448,7,74.5,22057,2025-04-26,at-risk
INV004502,7,74.5,66742,2025-03-24,at-risk
INV000562,6,74.4,48292,2025-03-15,at-risk
INV001180,6,74.4,104216,2025-04-06,at-risk
INV001943,6,74.4,63792,2025-03-04,at-risk
INV002863,6,74.4,64141,2025-01-21,at-risk
INV003267,6,74.4,20825,2025-01-16,at-risk
INV000593,6,74.2,31078,2025-04-02,at-risk
INV002342,6,74.2,43134,2025-04-19,at-risk
INV002643,6,74.2,32343,2025-02-08,at-risk
INV003514,6,74.2,90699,2025-03-15,at-risk
INV003785,6,74.2,113979,2025-04-17,at-risk
INV003040,6,74.0,51162,2025-01-10,at-risk
INV003775,6,74.0,112218,2025-05-03,at-risk
INV004069,6,74.0,46504,2025-01-20,at-risk
INV004716,7,74.0,67590,2025-05-28,at-risk
INV003043,7,73.83333333333333,78142,2025-04-17,at-risk
INV003435,7,73.83333333333333,94339,2025-05-01,at-risk
INV003484,6,73.8,108256,2025-02-13,at-risk
INV000774,7,73.66666666666667,83715,2025-05-03,at-risk
INV002236,7,73.66666666666667,38246,2025-04-02,at-risk
INV002913,7,73.66666666666667,83828,2025-04-25,at-risk
INV004005,7,73.66666666666667,105889,2025-05-25,at-risk
INV002006,6,73.6,56278,2025-03-22,at-risk
INV002150,6,73.6,57183,2025-03-17,at-risk
INV002706,6,73.6,69684,2025-03-29,at-risk
INV002827,6,73.6,31630,2025-02-17,at-risk
INV004091,6,73.6,18538,2025-03-27,at-risk
INV004403,6,73.6,14286,2025-02-14,at-risk
INV000319,7,73.5,40143,2025-05-03,at-risk
INV000540,7,73.5,78276,2025-05-05,at-risk
INV000873,7,73.5,44839,2025-04-25,at-risk
INV000974,7,73.5,40022,2025-03-22,at-risk
INV003314,7,73.5,179149,2025-05-01,at-risk
INV004847,7,73.5,51384,2025-04-12,at-risk
INV003034,6,73.4,92731,2025-05-09,at-risk
INV003430,6,73.4,54715,2025-05-29,at-risk
INV004208,6,73.4,57000,2025-05-03,at-risk
INV000466,7,73.33333333333333,125151,2025-04-10,at-risk
INV001274,7,73.33333333333333,56609,2025-05-20,at-risk
INV004473,7,73.33333333333333,39115,2025-04-05,at-risk
INV000444,6,73.2,76737,2025-04-27,at-risk
INV004119,6,73.2,82689,2025-03-30,at-risk
INV003424,7,73.16666666666667,60522,2025-04-30,at-risk
INV004958,7,73.16666666666667,146343,2025-03-24,at-risk
INV000161,7,73.0,44287,2025-05-06,at-risk
INV001454,7,73.0,37667,2025-03-16,at-risk
INV002177,7,73.0,93321,2025-05-28,at-risk
INV002905,6,73.0,41724,2025-03-03,at-risk
INV004770,8,72.85714285714286,133901,2025-05-28,at-risk
INV000321,7,72.83333333333333,91225,2025-03-15,at-risk
INV000719,7,72.83333333333333,131252,2025-05-11,at-risk
INV004288,7,72.83333333333333,56841,2025-04-06,at-risk
INV001831,6,72.8,47766,2025-03-02,at-risk
INV002420,6,72.8,54588,2025-01-13,at-risk
INV002891,8,72.71428571428571,91856,2025-05-27,at-risk
INV003702,7,72.66666666666667,99074,2025-03-24,at-risk
INV000074,8,72.57142857142857,106669,2025-05-30,at-risk
INV001359,7,72.5,109856,2025-05-19,at-risk
INV001683,7,72.5,80088,2025-05-17,at-risk
INV003815,7,72.5,67344,2025-04-17,at-risk
INV004349,7,72.5,148067,2025-04-30,at-risk
INV001023,8,72.42857142857143,38036,2025-05-22,at-risk
INV004357,8,72.42857142857143,52555,2025-05-24,at-risk
INV002458,6,72.4,80628,2025-04-17,at-risk
INV002750,6,72.4,54778,2025-03-14,at-risk
INV003380,6,72.4,35744,2025-02-27,at-risk
INV000754,7,72.33333333333333,97616,2025-05-10,at-risk
INV003336,7,72.33333333333333,134860,2025-05-03,at-risk
INV003793,7,72.33333333333333,134386,2025-04-12,at-risk
INV004228,7,72.33333333333333,93293,2025-05-08,at-risk
INV004741,7,72.33333333333333,75811,2025-04-07,at-risk
INV004787,7,72.33333333333333,59162,2025-05-27,at-risk
INV000830,6,72.2,77141,2025-04-17,at-risk
INV003210,6,72.2,18851,2025-01-07,at-risk
INV003711,6,72.2,87930,2025-01-23,at-risk
INV004147,6,72.2,66900,2025-05-28,at-risk
INV001547,7,72.16666666666667,75405,2025-05-06,at-risk
INV002879,7,72.16666666666667,67219,2025-05-27,at-risk
INV003580,7,72.16666666666667,64406,2025-04-17,at-risk
INV004581,8,72.14285714285714,22116,2025-05-22,at-risk
INV000553,6,72.0,54698,2025-04-17,at-risk
INV001625,6,72.0,15000,2025-02-10,at-risk
INV002555,7,72.0,87655,2025-04-06,at-risk
INV003619,6,72.0,31477,2025-05-09,at-risk
INV004672,7,72.0,96541,2025-03-28,at-risk
INV000497,7,71.83333333333333,72087,2025-05-28,at-risk
INV001298,7,71.83333333333333,13160,2025-05-19,at-risk
INV002315,7,71.83333333333333,71574,2025-05-06,at-risk
INV002824,7,71.83333333333333,129424,2025-05-01,at-risk
INV002280,7,71.66666666666667,48070,2025-05-19,at-risk
INV004038,7,71.66666666666667,197810,2025-05-11,at-risk
INV000575,6,71.6,43192,2025-03-10,at-risk
INV003885,6,71.6,81864,2025-05-30,at-risk
INV003897,6,71.6,83553,2025-04-02,at-risk
INV003824,7,71.5,89175,2025-05-17,at-risk
INV002530,8,71.42857142857143,74111,2025-05-19,at-risk
INV001432,6,71.4,22656,2025-02-05,at-risk
INV003830,6,71.4,138223,2025-01-15,at-risk
INV004232,6,71.4,31031,2025-01-14,at-risk
INV004589,6,71.4,114379,2025-01-19,at-risk
INV004761,6,71.4,42001,2025-01-04,at-risk
INV002208,7,71.33333333333333,113907,2025-04-03,at-risk
INV003693,7,71.33333333333333,102514,2025-03-20,at-risk
INV004079,7,71.33333333333333,78640,2025-03-24,at-risk
INV001885,6,71.2,16314,2025-02-24,at-risk
INV004179,6,71.2,81566,2025-04-05,at-risk
INV003044,7,71.16666666666667,60913,2025-04-26,at-risk
INV002107,8,71.14285714285714,100667,2025-05-21,at-risk
INV000132,6,71.0,88403,2025-05-02,at-risk
INV003564,8,71.0,196080,2025-05-17,at-risk
INV004997,7,71.0,128346,2025-04-28,at-risk
INV002219,8,70.85714285714286,41599,2025-05-14,at-risk
INV003670,8,70.85714285714286,83061,2025-05-11,at-risk
INV001223,7,70.83333333333333,81600,2025-03-27,at-risk
INV004925,7,70.83333333333333,51377,2025-03-30,at-risk
INV002799,6,70.8,77732,2025-01-15,at-risk
INV000210,8,70.71428571428571,93572,2025-05-23,at-risk
INV002732,8,70.71428571428571,96854,2025-05-16,at-risk
INV003658,8,70.71428571428571,44354,2025-05-11,at-risk
INV003940,7,70.66666666666667,88836,2025-03-20,at-risk
INV004647,7,70.66666666666667,39400,2025-03-22,at-risk
INV004889,7,70.66666666666667,65286,2025-03-27,at-risk
INV000045,6,70.6,114438,2025-03-01,at-risk
INV000259,6,70.6,81938,2025-01-12,at-risk
INV002736,6,70.6,64757,2025-01-04,at-risk
INV002766,6,70.6,73612,2025-05-09,at-risk
INV003487,6,70.6,96051,2025-02-16,at-risk
INV000469,7,70.5,34180,2025-05-27,at-risk
INV001351,7,70.5,146308,2025-03-24,at-risk
INV002182,7,70.5,127872,2025-04-17,at-risk
INV000483,8,70.42857142857143,142115,2025-05-25,at-risk
INV002202,8,70.42857142857143,16013,2025-05-20,at-risk
INV000008,6,70.4,72853,2025-05-14,at-risk
INV002485,6,70.4,58588,2025-03-12,at-risk
INV003607,6,70.4,24597,2025-05-02,at-risk
INV000256,6,70.2,31902,2025-02-16,at-risk
INV000554,6,70.2,56741,2025-02-03,at-risk
INV003745,6,70.2,26414,2025-03-24,at-risk
INV000507,7,70.16666666666667,58920,2025-04-23,at-risk
INV002370,7,70.16666666666667,89876,2025-05-05,at-risk
INV003228,7,70.16666666666667,88333,2025-03-29,at-risk
INV002373,8,70.14285714285714,177377,2025-05-24,at-risk
INV003047,8,70.14285714285714,137083,2025-05-25,at-risk
INV000304,7,70.0,79554,2025-03-27,at-risk
INV002490,8,70.0,221876,2025-05-13,at-risk
INV002640,7,70.0,66928,2025-03-24,at-risk
INV004825,7,70.0,49187,2025-05-05,at-risk
INV004401,8,69.85714285714286,104242,2025-05-15,at-risk
INV000287,7,69.83333333333333,64351,2025-03-11,at-risk
INV001242,6,69.8,26658,2025-01-02,at-risk
INV004661,8,69.71428571428571,73293,2025-05-23,at-risk
INV001724,7,69.66666666666667,87580,2025-04-11,at-risk
INV004270,7,69.66666666666667,41505,2025-05-20,at-risk
INV003022,6,69.6,108990,2025-03-05,at-risk
INV000440,8,69.57142857142857,33647,2025-05-18,at-risk
INV004780,7,69.5,69763,2025-04-13,at-risk
INV001326,8,69.42857142857143,103082,2025-05-29,at-risk
INV000095,6,69.4,92823,2025-04-01,at-risk
INV001026,6,69.4,51600,2025-01-16,at-risk
INV001752,7,69.33333333333333,50982,2025-04-16,at-risk
INV004212,7,69.33333333333333,131156,2025-05-19,at-risk
INV002232,7,69.16666666666667,105171,2025-02-26,at-risk
INV003078,7,69.16666666666667,55176,2025-04-02,at-risk
INV003946,7,69.16666666666667,65153,2025-03-04,at-risk
INV000793,8,69.14285714285714,105129,2025-05-12,at-risk
INV004871,8,69.14285714285714,163615,2025-05-08,at-risk
INV000196,7,69.0,80685,2025-05-05,at-risk
INV001536,7,69.0,108107,2025-02-21,at-risk
INV002034,8,69.0,75286,2025-05-03,at-risk
INV003211,7,69.0,73285,2025-04-08,at-risk
INV004413,8,69.0,86246,2025-05-26,at-risk
INV003673,8,68.85714285714286,63876,2025-05-12,at-risk
INV003611,7,68.83333333333333,97349,2025-05-19,at-risk
INV002019,6,68.8,50866,2025-05-12,at-risk
INV003962,8,68.71428571428571,199896,2025-05-16,at-risk
INV000630,7,68.66666666666667,55182,2025-03-18,at-risk
INV001021,7,68.66666666666667,54295,2025-02-23,at-risk
INV000039,6,68.6,99338,2025-04-05,at-risk
INV001401,6,68.6,39421,2025-03-24,at-risk
INV002228,6,68.6,75215,2025-02-01,at-risk
INV003707,6,68.6,152934,2024-12-12,at-risk
INV003912,6,68.6,11911,2024-12-23,at-risk
INV004959,6,68.6,32047,2025-01-01,at-risk
INV001921,8,68.57142857142857,94294,2025-05-22,at-risk
INV003880,8,68.57142857142857,52016,2025-05-28,at-risk
INV000427,7,68.5,106145,2025-03-21,at-risk
INV001238,7,68.5,45560,2025-05-12,at-risk
INV002121,7,68.5,69342,2025-05-21,at-risk
INV003844,7,68.5,80033,2025-04-21,at-risk
INV000263,8,68.42857142857143,157678,2025-05-04,at-risk
INV002357,7,68.33333333333333,77648,2025-02-16,at-risk
INV004085,7,68.33333333333333,104748,2025-05-22,at-risk
INV004640,7,68.33333333333333,41628,2025-05-10,at-risk
INV001715,8,68.28571428571429,103613,2025-05-23,at-risk
INV001170,6,68.2,70673,2025-02-07,at-risk
INV001329,6,68.2,60331,2025-02-26,at-risk
INV002735,7,68.16666666666667,88635,2025-05-06,at-risk
INV001415,8,68.14285714285714,48063,2025-05-08,at-risk
INV003352,8,68.14285714285714,113976,2025-05-02,at-risk
INV003978,8,68.14285714285714,45310,2025-04-29,at-risk
INV000283,6,68.0,24362,2025-01-16,at-risk
INV000667,6,68.0,117715,2025-04-26,at-risk
INV002746,8,68.0,48769,2025-05-04,at-risk
INV003598,8,68.0,28496,2025-05-05,at-risk
INV003724,7,68.0,80168,2025-03-13,at-risk
INV004863,7,68.0,35988,2025-04-30,at-risk
INV003458,8,67.85714285714286,35913,2025-05-26,at-risk
INV004175,8,67.85714285714286,89272,2025-05-11,at-risk
INV000169,7,67.83333333333333,48708,2025-04-28,at-risk
INV002153,7,67.83333333333333,28131,2025-05-03,at-risk
INV002187,7,67.83333333333333,51698,2025-05-14,at-risk
INV004475,7,67.83333333333333,82023,2025-05-17,at-risk
INV002218,6,67.8,78519,2025-03-05,at-risk
INV003518,6,67.8,38843,2025-03-27,at-risk
INV004340,6,67.8,48935,2025-02-10,at-risk
INV004641,6,67.8,64235,2025-01-17,at-risk
INV003223,8,67.71428571428571,115743,2025-05-13,at-risk
INV000725,7,67.66666666666667,89962,2025-04-24,at-risk
INV001606,7,67.66666666666667,95656,2025-05-19,at-risk
INV003205,7,67.66666666666667,50635,2025-04-22,at-risk
INV003741,7,67.66666666666667,55275,2025-02-27,at-risk
INV003795,7,67.66666666666667,58273,2025-02-14,at-risk
INV003981,7,67.66666666666667,81844,2025-05-12,at-risk
INV004070,7,67.66666666666667,33039,2025-03-18,at-risk
INV001645,6,67.6,48283,2025-02-16,at-risk
INV003252,6,67.6,102990,2025-04-08,at-risk
INV000949,7,67.5,49784,2025-05-13,at-risk
INV001629,7,67.5,34149,2025-05-07,at-risk
INV003141,7,67.5,87927,2025-03-24,at-risk
INV003230,7,67.5,59960,2025-03-30,at-risk
INV004547,7,67.5,31048,2025-05-14,at-risk
INV001181,8,67.42857142857143,91218,2025-05-29,at-risk
INV003613,8,67.42857142857143,85140,2025-05-14,at-risk
INV001163,7,67.33333333333333,33877,2025-03-09,at-risk
INV002277,7,67.33333333333333,58558,2025-04-13,at-risk
INV000570,8,67.28571428571429,136242,2025-05-28,at-risk
INV000833,8,67.28571428571429,88699,2025-04-23,at-risk
INV002497,8,67.28571428571429,105613,2025-04-28,at-risk
INV003916,6,67.2,84860,2025-02-07,at-risk
INV004128,6,67.2,95704,2025-01-03,at-risk
INV002557,7,67.16666666666667,32589,2025-05-07,at-risk
INV002937,7,67.16666666666667,137371,2025-03-24,at-risk
INV004953,7,67.16666666666667,50981,2025-03-24,at-risk
INV000236,8,67.14285714285714,112217,2025-05-02,at-risk
INV001017,6,67.0,27846,2025-02-16,at-risk
INV001173,6,67.0,58382,2025-04-28,at-risk
INV001282,6,67.0,50374,2025-05-19,at-risk
INV001987,7,67.0,101651,2025-05-15,at-risk
INV003000,7,67.0,54577,2025-04-19,at-risk
INV003506,7,67.0,27834,2025-05-25,at-risk
INV003641,8,67.0,91123,2025-04-18,at-risk
INV003113,8,66.85714285714286,115572,2025-05-02,at-risk
INV003920,8,66.85714285714286,110581,2025-04-29,at-risk
INV000578,7,66.83333333333333,91996,2025-05-27,at-risk
INV001510,7,66.83333333333333,113185,2025-04-10,at-risk
INV000146,6,66.8,88618,2025-01-11,at-risk
INV000607,7,66.66666666666667,38693,2025-02-17,at-risk
INV001275,7,66.66666666666667,51676,2025-03-17,at-risk
INV004844,7,66.66666666666667,25433,2025-05-29,at-risk
INV001712,6,66.6,66274,2025-02-25,at-risk
INV003117,8,66.57142857142857,74326,2025-05-21,at-risk
INV004203,8,66.57142857142857,70384,2025-05-02,at-risk
INV002178,8,66.42857142857143,66309,2025-05-20,at-risk
INV000691,6,66.4,50363,2024-12-24,at-risk
INV003083,6,66.4,38189,2024-12-22,at-risk
INV003557,6,66.4,49343,2025-03-01,at-risk
INV000414,8,66.28571428571429,95455,2025-04-20,at-risk
INV004926,8,66.28571428571429,93001,2025-05-30,at-risk
INV001039,6,66.2,19840,2025-03-07,at-risk
INV001929,6,66.2,67484,2025-05-23,at-risk
INV004145,6,66.2,27711,2025-01-09,at-risk
INV000415,7,66.16666666666667,42775,2025-05-01,at-risk
INV000844,7,66.16666666666667,48647,2025-03-12,at-risk
INV001047,7,66.16666666666667,52894,2025-05-26,at-risk
INV004785,7,66.16666666666667,54819,2025-04-03,at-risk
INV000662,8,66.14285714285714,34238,2025-04-09,at-risk
INV001694,8,66.14285714285714,146945,2025-05-13,at-risk
INV000645,6,66.0,26646,2025-01-07,at-risk
INV000777,6,66.0,20946,2025-01-29,at-risk
INV002602,8,66.0,95414,2025-05-17,at-risk
INV001336,8,65.85714285714286,94852,2025-05-16,at-risk
INV001711,7,65.83333333333333,26390,2025-04-12,at-risk
INV000079,6,65.8,42160,2025-04-27,at-risk
INV002563,6,65.8,18179,2024-12-21,at-risk
INV004446,6,65.8,58236,2025-04-11,at-risk
INV003479,8,65.71428571428571,90730,2025-05-13,at-risk
INV000887,7,65.66666666666667,115877,2025-02-25,at-risk
INV002241,7,65.66666666666667,40838,2025-05-18,at-risk
INV001644,6,65.6,123765,2025-03-28,at-risk
INV002632,8,65.57142857142857,70430,2025-04-29,at-risk
INV002711,8,65.57142857142857,73628,2025-04-29,at-risk
INV003511,8,65.57142857142857,71560,2025-04-22,at-risk
INV003105,7,65.5,121433,2025-03-15,at-risk
INV000177,8,65.42857142857143,51520,2025-04-18,at-risk
INV000869,6,65.4,29400,2025-01-19,at-risk
INV004833,6,65.4,58795,2025-04-19,at-risk
INV000102,8,65.28571428571429,114074,2025-05-13,at-risk
INV003766,8,65.28571428571429,94475,2025-05-23,at-risk
INV003185,6,65.2,78275,2025-04-15,at-risk
INV000463,7,65.16666666666667,144163,2025-02-03,at-risk
INV000709,7,65.16666666666667,143724,2025-03-04,at-risk
INV000101,8,65.0,112802,2025-05-08,at-risk
INV001587,7,65.0,72452,2025-05-05,at-risk
INV002085,6,65.0,89035,2025-01-19,at-risk
INV002159,6,65.0,57957,2025-05-09,at-risk
INV002585,6,65.0,46894,2025-02-17,at-risk
INV002613,8,65.0,23849,2025-05-16,at-risk
INV002673,8,65.0,205287,2025-05-21,at-risk
INV002945,8,65.0,119666,2025-04-26,at-risk
INV003089,6,65.0,72760,2024-12-13,at-risk
INV002803,7,64.83333333333333,32936,2025-03-11,at-risk
INV003289,7,64.83333333333333,105165,2025-03-10,at-risk
INV003781,7,64.83333333333333,47391,2025-03-02,at-risk
INV004563,7,64.83333333333333,31702,2025-05-17,at-risk
INV000010,6,64.8,32183,2025-03-01,at-risk
INV003300,6,64.8,92258,2025-03-15,at-risk
INV000657,8,64.71428571428571,103388,2025-04-25,at-risk
INV001455,8,64.71428571428571,47113,2025-04-07,at-risk
INV004332,8,64.71428571428571,22464,2025-05-19,at-risk
INV004631,8,64.71428571428571,69846,2025-05-08,at-risk
INV001008,7,64.66666666666667,63227,2025-03-10,at-risk
INV001530,7,64.66666666666667,18100,2025-02-05,at-risk
INV002229,6,64.6,113731,2025-03-08,at-risk
INV004118,6,64.6,33694,2025-05-02,at-risk
INV004629,8,64.57142857142857,146298,2025-04-15,at-risk
INV000591,7,64.5,15867,2025-05-07,at-risk
INV002295,7,64.5,97348,2025-03-03,at-risk
INV004646,7,64.5,73768,2025-04-25,at-risk
INV004335,8,64.42857142857143,97637,2025-05-06,at-risk
INV002510,7,64.33333333333333,83001,2025-01-30,at-risk
INV002779,6,64.2,120653,2025-05-11,at-risk
INV002900,6,64.2,74395,2025-04-06,at-risk
INV002947,7,64.16666666666667,35512,2025-01-24,at-risk
INV003011,7,64.16666666666667,49243,2025-02-28,at-risk
INV003524,7,64.16666666666667,74739,2025-03-09,at-risk
INV004299,8,64.14285714285714,79344,2025-05-23,at-risk
INV000786,9,64.125,73859,2025-05-28,at-risk
INV000734,8,64.0,108076,2025-05-15,at-risk
INV002783,7,64.0,63570,2025-05-24,at-risk
INV002675,8,63.857142857142854,104247,2025-04-27,at-risk
INV002211,7,63.833333333333336,75896,2025-04-15,at-risk
INV004978,7,63.833333333333336,88463,2025-04-18,at-risk
INV000567,6,63.8,33277,2025-03-29,at-risk
INV000994,6,63.8,55817,2025-01-04,at-risk
INV004124,6,63.8,99942,2025-04-24,at-risk
INV003393,8,63.714285714285715,73545,2025-05-22,at-risk
INV004911,7,63.666666666666664,86745,2025-02-05,at-risk
INV002018,6,63.6,22792,2025-02-05,at-risk
INV001394,8,63.57142857142857,127115,2025-04-26,at-risk
INV001778,8,63.57142857142857,54721,2025-03-30,at-risk
INV002143,8,63.57142857142857,73958,2025-04-04,at-risk
INV001865,7,63.5,37490,2025-01-26,at-risk
INV002800,7,63.5,92767,2025-03-28,at-risk
INV002322,6,63.4,54669,2025-04-10,at-risk
INV003279,9,63.375,155774,2025-05-28,at-risk
INV000678,7,63.333333333333336,36623,2025-04-27,at-risk
INV003370,7,63.333333333333336,82199,2025-03-28,at-risk
INV003787,9,63.25,87076,2025-05-29,at-risk
INV004967,6,63.2,35869,2025-02-05,at-risk
INV002265,7,63.166666666666664,74670,2025-05-21,at-risk
INV004151,8,63.142857142857146,110790,2025-05-09,at-risk
INV001497,9,63.0,77902,2025-05-19,at-risk
INV002453,7,63.0,76815,2025-03-27,at-risk
INV004172,8,63.0,93496,2025-03-26,at-risk
INV004343,6,63.0,93065,2025-04-26,at-risk
INV004576,6,63.0,20595,2025-03-08,at-risk
INV001837,7,62.833333333333336,75034,2025-03-27,at-risk
INV000675,6,62.8,23160,2025-04-19,at-risk
INV000289,8,62.714285714285715,81640,2025-04-04,at-risk
INV003097,8,62.714285714285715,151274,2025-03-20,at-risk
INV000400,6,62.6,21256,2025-03-10,at-risk
INV002251,6,62.6,140754,2025-05-03,at-risk
INV003169,6,62.6,31020,2025-03-25,at-risk
INV000205,8,62.57142857142857,72091,2025-04-09,at-risk
INV001697,9,62.5,118132,2025-05-22,at-risk
INV003905,7,62.5,70428,2025-05-08,at-risk
INV004464,7,62.5,40228,2025-03-02,at-risk
INV002111,8,62.42857142857143,84899,2025-04-05,at-risk
INV000568,6,62.4,106953,2025-01-19,at-risk
INV003357,6,62.4,56022,2025-03-25,at-risk
INV003625,6,62.4,87326,2025-03-27,at-risk
INV000268,7,62.333333333333336,79605,2025-01-30,at-risk
INV000646,7,62.333333333333336,76212,2025-05-26,at-risk
INV002659,7,62.333333333333336,96575,2025-03-26,at-risk
INV004009,8,62.285714285714285,107439,2025-04-28,at-risk
INV001909,8,62.142857142857146,77716,2025-05-01,at-risk
INV002196,8,62.142857142857146,123014,2025-03-12,at-risk
INV000874,9,62.125,38895,2025-05-15,at-risk
INV002570,7,62.0,26296,2025-02-20,at-risk
INV004813,6,62.0,82203,2024-12-06,at-risk
INV004819,7,62.0,16931,2025-03-16,at-risk
INV004014,9,61.875,90606,2025-05-23,at-risk
INV002654,8,61.857142857142854,97131,2025-04-13,at-risk
INV004266,7,61.833333333333336,35786,2025-01-15,at-risk
INV000164,6,61.8,25253,2025-02-20,at-risk
INV000180,6,61.8,15924,2025-03-12,at-risk
INV001551,6,61.8,18205,2025-05-06,at-risk
INV003257,6,61.8,145848,2025-05-30,at-risk
INV003723,6,61.8,39630,2024-12-28,at-risk
INV001117,8,61.714285714285715,53882,2025-04-30,at-risk
INV002216,8,61.714285714285715,122472,2025-05-07,at-risk
INV001802,7,61.666666666666664,99376,2025-05-07,at-risk
INV004125,9,61.625,109430,2025-05-10,at-risk
INV002290,6,61.6,49049,2025-03-02,at-risk
INV002826,6,61.6,16841,2024-11-23,at-risk
INV004450,6,61.6,134333,2024-11-11,at-risk
INV004484,6,61.6,55149,2025-02-21,at-risk
INV002568,8,61.57142857142857,138384,2025-05-07,at-risk
INV004361,8,61.57142857142857,23906,2025-04-05,at-risk
INV003913,8,61.42857142857143,52158,2025-04-14,at-risk
INV002722,6,61.4,36876,2025-04-11,at-risk
INV004753,6,61.4,55874,2025-05-04,at-risk
INV003432,7,61.333333333333336,63809,2025-02-18,at-risk
INV000854,9,61.25,149355,2025-05-09,at-risk
INV002368,7,61.166666666666664,36706,2025-04-08,at-risk
INV003221,7,61.166666666666664,188581,2025-01-18,at-risk
INV003271,7,61.166666666666664,38769,2025-02-10,at-risk
INV004755,7,61.166666666666664,46605,2025-04-21,at-risk
INV004239,8,61.142857142857146,78887,2025-04-29,at-risk
INV000163,8,61.0,58271,2025-03-08,at-risk
INV003242,7,61.0,60420,2025-05-06,at-risk
INV004411,6,61.0,72503,2024-12-04,at-risk
INV003509,9,60.875,91824,2025-05-21,at-risk
INV000986,7,60.833333333333336,166388,2025-02-27,at-risk
INV003215,7,60.833333333333336,30900,2025-01-18,at-risk
INV000441,6,60.8,45638,2025-04-28,at-risk
INV000029,7,60.666666666666664,90012,2025-05-15,at-risk
INV000939,8,60.57142857142857,69507,2025-04-22,at-risk
INV001234,8,60.57142857142857,91103,2025-03-26,at-risk
INV001605,8,60.57142857142857,161888,2025-03-07,at-risk
INV002939,7,60.5,52116,2025-04-21,at-risk
INV003457,7,60.5,75273,2025-04-11,at-risk
INV003654,7,60.5,112702,2025-05-27,at-risk
INV003708,7,60.5,27823,2025-04-25,at-risk
INV004319,9,60.5,118001,2025-05-13,at-risk
INV001937,8,60.42857142857143,52043,2025-05-27,at-risk
INV001140,6,60.4,39628,2025-02-25,at-risk
INV002151,9,60.375,185290,2025-05-13,at-risk
INV001001,8,60.285714285714285,67731,2025-04-12,at-risk
INV001355,6,60.2,41992,2025-03-31,at-risk
INV001662,6,60.2,67445,2024-11-18,at-risk
INV002127,6,60.2,66425,2025-03-15,at-risk
INV001950,7,60.166666666666664,88383,2025-05-20,at-risk
INV003862,7,60.166666666666664,64749,2025-02-20,at-risk
INV001217,8,60.142857142857146,99061,2025-04-25,at-risk
INV003273,8,60.142857142857146,195095,2025-05-12,at-risk
INV000768,8,60.0,81075,2025-03-12,at-risk
INV001806,8,60.0,98260,2025-02-27,at-risk
INV002319,7,60.0,77278,2025-01-13,at-risk
INV002369,6,60.0,142348,2025-01-27,at-risk
INV004153,8,60.0,147218,2025-05-29,at-risk
INV004531,8,60.0,185354,2025-04-22,at-risk
INV001656,8,59.857142857142854,78037,2025-04-12,at-risk
INV002804,8,59.857142857142854,50641,2025-05-20,at-risk
INV001458,7,59.833333333333336,78518,2025-01-25,at-risk
INV003214,6,59.8,58100,2025-01-12,at-risk
INV000228,9,59.75,239176,2025-05-02,at-risk
INV004924,9,59.75,166708,2025-05-02,at-risk
INV000778,8,59.714285714285715,99237,2025-05-14,at-risk
INV000123,7,59.666666666666664,113633,2025-03-21,at-risk
INV002808,7,59.666666666666664,114782,2025-04-27,at-risk
INV004602,9,59.625,105254,2025-04-25,at-risk
INV000260,8,59.57142857142857,139633,2025-02-28,at-risk
INV000893,7,59.5,93208,2025-01-27,at-risk
INV001064,9,59.5,151648,2025-04-29,at-risk
INV003146,9,59.5,116340,2025-05-22,at-risk
INV000776,8,59.42857142857143,40424,2025-04-27,at-risk
INV003360,8,59.42857142857143,66401,2025-05-04,at-risk
INV000877,6,59.4,116062,2025-04-14,at-risk
INV003372,6,59.4,31020,2024-12-26,at-risk
INV003459,6,59.4,42636,2025-05-01,at-risk
INV003301,9,59.375,183141,2025-05-14,at-risk
INV002793,7,59.333333333333336,73091,2025-05-21,at-risk
INV000371,8,59.285714285714285,71985,2025-03-08,at-risk
INV000529,6,59.2,23027,2025-03-31,at-risk
INV000907,6,59.2,26520,2025-01-29,at-risk
INV004372,6,59.2,63764,2025-02-02,at-risk
INV001924,7,59.166666666666664,95896,2024-12-26,at-risk
INV003627,7,59.166666666666664,16009,2025-05-15,at-risk
INV002401,8,59.142857142857146,30941,2025-03-01,at-risk
INV002704,8,59.142857142857146,75458,2025-05-07,at-risk
INV004594,8,59.142857142857146,84370,2025-04-26,at-risk
INV004956,8,59.142857142857146,51297,2025-04-06,at-risk
INV000589,9,59.125,69345,2025-05-19,at-risk
INV003491,9,59.125,58181,2025-05-30,at-risk
INV001235,9,59.0,125966,2025-05-20,at-risk
INV001803,6,59.0,29638,2025-03-16,at-risk
INV003406,8,59.0,104922,2025-03-21,at-risk
INV003734,8,59.0,69855,2025-04-07,at-risk
INV001680,9,58.875,47015,2025-04-25,at-risk
INV001951,7,58.833333333333336,39840,2025-04-14,at-risk
INV001866,6,58.8,52342,2024-12-17,at-risk
INV001927,6,58.8,42729,2025-03-12,at-risk
INV004099,6,58.8,82312,2025-01-20,at-risk
INV004477,8,58.714285714285715,32359,2025-05-22,at-risk
INV004635,7,58.666666666666664,85919,2025-02-22,at-risk
INV003528,9,58.625,143222,2025-05-06,at-risk
INV000023,8,58.57142857142857,202529,2025-05-05,at-risk
INV002157,7,58.5,66010,2025-01-19,at-risk
INV002737,8,58.42857142857143,102279,2025-05-13,at-risk
INV002162,9,58.375,176674,2025-05-16,at-risk
INV000827,8,58.285714285714285,46159,2025-05-18,at-risk
INV003003,9,58.25,43344,2025-05-15,at-risk
INV003187,9,58.25,51008,2025-05-12,at-risk
INV000403,6,58.2,74178,2025-03-17,at-risk
INV001599,6,58.2,52681,2024-11-01,at-risk
INV004098,6,58.2,62582,2025-04-10,at-risk
INV004199,6,58.2,107979,2025-02-01,at-risk
INV000929,7,58.166666666666664,150139,2025-03-12,at-risk
INV002994,7,58.166666666666664,109553,2025-04-27,at-risk
INV001823,8,58.142857142857146,30886,2025-03-07,at-risk
INV001116,9,58.125,74728,2025-05-27,at-risk
INV000194,7,58.0,61857,2025-05-06,at-risk
INV001202,8,58.0,54919,2025-05-20,at-risk
INV000718,7,57.833333333333336,52719,2024-12-28,at-risk
INV003063,7,57.833333333333336,27315,2024-12-17,at-risk
INV003851,7,57.833333333333336,110621,2025-05-15,at-risk
INV000445,9,57.75,52898,2025-04-30,at-risk
INV002343,9,57.75,97388,2025-04-10,at-risk
INV003036,8,57.714285714285715,134774,2025-05-25,at-risk
INV000173,7,57.666666666666664,78387,2025-03-30,at-risk
INV004983,7,57.666666666666664,172616,2024-12-27,at-risk
INV001777,9,57.625,115340,2025-05-02,at-risk
INV001160,8,57.57142857142857,45043,2025-05-10,at-risk
INV002230,8,57.57142857142857,170960,2025-04-25,at-risk
INV002415,8,57.42857142857143,96841,2025-04-20,at-risk
INV003075,8,57.42857142857143,169132,2025-02-10,at-risk
INV003407,8,57.42857142857143,51571,2025-04-09,at-risk
INV003780,8,57.42857142857143,76001,2025-03-09,at-risk
INV004776,9,57.375,81198,2025-05-15,at-risk
INV001387,9,57.25,111470,2025-05-04,at-risk
INV003219,6,57.2,111640,2024-12-09,at-risk
INV001442,9,57.125,67217,2025-05-23,at-risk
INV000012,8,57.0,40139,2025-04-30,at-risk
INV000105,8,57.0,86911,2025-02-04,at-risk
INV001137,7,57.0,35691,2025-02-05,at-risk
INV001631,6,57.0,9317,2025-04-15,at-risk
INV002329,7,57.0,94661,2024-12-13,at-risk
INV003140,8,57.0,47273,2025-04-14,at-risk
INV004306,7,57.0,74056,2025-04-05,at-risk
INV004391,6,57.0,48086,2024-10-14,at-risk
INV001532,7,56.833333333333336,82757,2025-02-11,at-risk
INV001737,7,56.833333333333336,103141,2025-01-14,at-risk
INV004715,7,56.833333333333336,95968,2025-05-29,at-risk
INV001516,6,56.8,106727,2025-05-11,at-risk
INV003308,9,56.75,133172,2025-05-18,at-risk
INV002838,8,56.714285714285715,85390,2025-04-29,at-risk
INV000467,10,56.666666666666664,65408,2025-05-25,at-risk
INV003478,9,56.625,135853,2025-04-24,at-risk
INV001585,6,56.6,61091,2025-01-20,at-risk
INV001993,6,56.6,42253,2024-11-24,at-risk
INV003391,6,56.6,75689,2025-03-16,at-risk
INV003403,6,56.6,50522,2024-11-10,at-risk
INV004063,8,56.57142857142857,82106,2025-05-14,at-risk
INV000191,7,56.5,68656,2025-03-17,at-risk
INV003374,7,56.5,49043,2025-05-16,at-risk
INV002471,6,56.4,65355,2024-10-15,at-risk
INV003178,6,56.4,39480,2024-11-26,at-risk
INV003945,7,56.333333333333336,109342,2025-01-04,at-risk
INV000690,8,56.285714285714285,169171,2025-05-22,at-risk
INV003179,9,56.25,64309,2025-04-19,at-risk
INV001841,6,56.2,48729,2025-03-29,at-risk
INV002794,7,56.166666666666664,62084,2025-01-14,at-risk
INV001383,8,56.142857142857146,80080,2025-03-25,at-risk
INV003748,8,56.142857142857146,41447,2025-03-04,at-risk
INV000183,9,56.125,86040,2025-05-14,at-risk
INV002360,9,56.125,147868,2025-05-28,at-risk
INV002575,9,56.125,155419,2025-05-12,at-risk
INV000131,7,56.0,102201,2025-03-07,at-risk
INV001597,7,56.0,99091,2025-05-21,at-risk
INV001654,7,56.0,108816,2025-01-18,at-risk
INV003475,9,56.0,75542,2025-04-06,at-risk
INV003979,8,56.0,25613,2025-03-27,at-risk
INV004607,8,56.0,50699,2025-04-02,at-risk
INV004868,8,56.0,125207,2025-05-10,at-risk
INV001053,8,55.857142857142854,46140,2025-03-15,at-risk
INV001804,8,55.857142857142854,97734,2025-03-03,at-risk
INV004891,8,55.857142857142854,122650,2025-03-05,at-risk
INV000615,7,55.833333333333336,29577,2025-02-13,at-risk
INV002025,7,55.833333333333336,52531,2025-04-24,at-risk
INV002171,7,55.833333333333336,55736,2025-02-06,at-risk
INV000547,6,55.8,37135,2024-12-19,at-risk
INV004094,6,55.8,67103,2025-05-29,at-risk
INV004106,6,55.8,127689,2024-11-29,at-risk
INV000280,9,55.75,145194,2025-04-12,at-risk
INV001564,8,55.714285714285715,74288,2025-04-17,at-risk
INV002572,8,55.714285714285715,126760,2025-05-19,at-risk
INV004243,8,55.714285714285715,88380,2025-03-08,at-risk
INV000395,7,55.666666666666664,23004,2025-03-13,at-risk
INV003158,9,55.625,95466,2025-04-16,at-risk
INV000843,6,55.6,49484,2025-02-03,at-risk
INV001757,8,55.57142857142857,16121,2025-04-25,at-risk
INV002409,8,55.57142857142857,88823,2025-05-28,at-risk
INV000093,7,55.5,141515,2024-12-28,at-risk
INV000822,7,55.5,68933,2024-12-31,at-risk
INV002942,9,55.5,85118,2025-04-02,at-risk
INV003398,8,55.42857142857143,47267,2025-03-21,at-risk
INV001979,6,55.4,78262,2025-05-01,at-risk
INV002361,6,55.4,123135,2024-10-11,at-risk
INV002400,9,55.375,37008,2025-03-22,at-risk
INV000013,7,55.333333333333336,75613,2025-03-16,at-risk
INV001102,7,55.333333333333336,87539,2025-01-03,at-risk
INV002697,7,55.333333333333336,61207,2024-12-17,at-risk
INV002767,7,55.333333333333336,54936,2025-05-12,at-risk
INV003892,10,55.22222222222222,134271,2025-05-13,at-risk
INV001653,6,55.2,76639,2024-11-20,at-risk
INV004112,6,55.2,39234,2024-10-30,at-risk
INV003139,7,55.166666666666664,79357,2025-02-15,at-risk
INV000789,8,55.142857142857146,110683,2025-03-21,at-risk
INV001858,8,55.142857142857146,111198,2025-04-26,at-risk
INV004504,8,55.142857142857146,132537,2025-03-13,at-risk
INV003189,9,55.125,34519,2025-04-18,at-risk
INV003906,10,55.111111111111114,110358,2025-05-23,at-risk
INV000524,7,55.0,118571,2025-05-15,at-risk
INV000546,9,55.0,92002,2025-03-29,at-risk
INV000894,6,55.0,36994,2025-04-27,at-risk
INV001485,9,55.0,113230,2025-04-20,at-risk
INV001871,7,55.0,104709,2024-12-21,at-risk
INV002033,7,55.0,43182,2024-11-29,at-risk
INV004533,7,55.0,125539,2025-04-21,at-risk
INV004608,8,55.0,54558,2025-02-23,at-risk
INV004973,9,55.0,90235,2025-04-29,at-risk
INV004116,10,54.888888888888886,71428,2025-05-26,at-risk
INV000641,6,54.8,92825,2025-05-04,at-risk
INV004642,6,54.8,80404,2024-11-23,at-risk
INV000512,9,54.75,73426,2025-05-01,at-risk
INV001971,8,54.714285714285715,96207,2025-04-29,at-risk
INV003015,7,54.666666666666664,114153,2025-05-21,at-risk
INV003952,7,54.666666666666664,105758,2025-03-14,at-risk
INV001308,9,54.625,145248,2025-04-10,at-risk
INV004901,6,54.6,148100,2025-03-18,at-risk
INV004574,8,54.57142857142857,74831,2025-04-09,at-risk
INV004737,10,54.55555555555556,96021,2025-05-25,at-risk
INV000097,7,54.5,155107,2025-04-02,at-risk
INV000372,7,54.5,89873,2025-01-24,at-risk
INV000683,9,54.5,47678,2025-03-19,at-risk
INV001603,7,54.5,64051,2024-12-29,at-risk
INV003070,9,54.5,116790,2025-03-17,at-risk
INV004521,7,54.5,106363,2025-04-02,at-risk
INV000341,8,54.42857142857143,76460,2025-03-05,at-risk
INV000356,6,54.4,72865,2025-03-12,at-risk
INV004638,7,54.333333333333336,62637,2025-03-15,at-risk
INV003586,8,54.285714285714285,138874,2025-05-05,at-risk
INV001504,9,54.25,131804,2025-05-29,at-risk
INV001811,9,54.25,234390,2025-05-12,at-risk
INV004621,9,54.25,102050,2025-03-22,at-risk
INV001051,8,54.142857142857146,57451,2025-04-16,at-risk
INV002179,8,54.142857142857146,77276,2025-02-23,at-risk
INV000359,9,54.125,93451,2025-04-27,at-risk
INV004848,9,54.125,116418,2025-03-25,at-risk
INV000631,6,54.0,45319,2024-12-01,at-risk
INV000901,6,54.0,36100,2025-02-17,at-risk
INV003351,6,54.0,104400,2025-04-11,at-risk
INV004528,7,54.0,138706,2025-05-21,at-risk
INV004414,8,53.857142857142854,102062,2025-01-13,at-risk
INV004459,7,53.833333333333336,73438,2025-02-01,at-risk
INV002459,8,53.714285714285715,40242,2025-02-13,at-risk
INV003277,8,53.714285714285715,81268,2025-05-30,at-risk
INV004241,10,53.666666666666664,103788,2025-05-28,at-risk
INV004798,7,53.666666666666664,63589,2024-12-12,at-risk
INV000388,9,53.625,109420,2025-05-01,at-risk
INV000262,8,53.57142857142857,47209,2025-04-28,at-risk
INV000642,9,53.5,109817,2025-05-21,at-risk
INV003669,7,53.5,90038,2025-04-11,at-risk
INV000265,10,53.44444444444444,203433,2025-05-20,at-risk
INV001195,8,53.42857142857143,127687,2025-03-25,at-risk
INV001060,9,53.375,113690,2025-03-21,at-risk
INV002921,7,53.333333333333336,150805,2025-03-14,at-risk
INV004267,7,53.333333333333336,70239,2025-05-12,at-risk
INV002282,6,53.2,90468,2025-01-23,at-risk
INV002666,7,53.166666666666664,50807,2025-04-21,at-risk
INV002850,7,53.166666666666664,60216,2025-02-26,at-risk
INV003642,7,53.166666666666664,114117,2024-12-08,at-risk
INV003005,8,53.142857142857146,92598,2025-03-06,at-risk
INV004555,8,53.142857142857146,111824,2025-05-03,at-risk
INV000751,9,53.0,42163,2025-05-27,at-risk
INV000942,7,53.0,138493,2025-01-21,at-risk
INV001616,9,53.0,153361,2025-03-28,at-risk
INV002413,8,53.0,63974,2025-05-30,at-risk
INV002496,6,53.0,28341,2025-05-01,at-risk
INV002822,7,53.0,79723,2025-05-16,at-risk
INV002744,10,52.888888888888886,64967,2025-05-21,at-risk
INV004282,8,52.857142857142854,64136,2025-04-20,at-risk
INV003375,8,52.714285714285715,135524,2025-05-04,at-risk
INV003534,8,52.714285714285715,53508,2025-04-03,at-risk
INV002847,10,52.666666666666664,54971,2025-04-21,at-risk
INV001739,9,52.5,113721,2025-04-23,at-risk
INV002367,7,52.5,52309,2025-03-22,at-risk
INV003938,7,52.5,53978,2024-12-21,at-risk
INV000556,8,52.42857142857143,126416,2025-03-09,at-risk
INV004974,8,52.42857142857143,87162,2025-04-14,at-risk
INV000634,9,52.25,98595,2025-03-15,at-risk
INV000698,9,52.25,77848,2025-04-13,at-risk
INV002349,6,52.2,31786,2024-12-25,at-risk
INV002591,6,52.2,29695,2025-03-07,at-risk
INV004348,6,52.2,151261,2025-05-12,at-risk
INV000428,8,52.142857142857146,54350,2024-12-31,at-risk
INV000148,9,52.0,90012,2025-05-01,at-risk
INV000309,8,52.0,63146,2025-01-06,at-risk
INV003630,7,52.0,32857,2025-02-20,at-risk
INV004023,10,52.0,135403,2025-05-25,at-risk
INV003761,8,51.857142857142854,29681,2025-03-31,at-risk
INV001208,7,51.833333333333336,68466,2025-01-18,at-risk
INV001315,7,51.833333333333336,62854,2024-12-16,at-risk
INV001514,7,51.833333333333336,150056,2025-01-03,at-risk
INV002951,7,51.833333333333336,41135,2025-01-08,at-risk
INV003740,7,51.833333333333336,122048,2025-02-10,at-risk
INV001709,6,51.8,50259,2024-09-25,at-risk
INV000596,9,51.75,169915,2025-03-21,at-risk
INV001628,8,51.714285714285715,111394,2025-05-24,at-risk
INV001649,10,51.666666666666664,113458,2025-05-17,at-risk
INV002083,10,51.666666666666664,142753,2025-05-13,at-risk
INV002237,7,51.666666666666664,61264,2025-03-23,at-risk
INV003695,7,51.666666666666664,31236,2025-05-19,at-risk
INV002508,9,51.625,128547,2025-05-24,at-risk
INV002733,8,51.57142857142857,56424,2025-05-21,at-risk
INV003431,6,51.4,65461,2025-03-15,at-risk
INV002598,9,51.375,121198,2025-04-07,at-risk
INV002974,7,51.333333333333336,91467,2025-03-17,at-risk
INV003581,8,51.285714285714285,39296,2025-05-28,at-risk
INV001299,9,51.25,67906,2025-04-11,at-risk
INV003964,10,51.22222222222222,123334,2025-04-15,at-risk
INV001826,6,51.2,43001,2024-11-07,at-risk
INV004611,7,51.166666666666664,141572,2024-12-14,at-risk
INV000201,9,51.125,98278,2025-03-01,at-risk
INV001061,9,51.125,99794,2025-04-03,at-risk
INV003236,9,51.125,120464,2025-03-02,at-risk
INV003256,7,51.0,94745,2025-05-27,at-risk
INV003530,6,51.0,78084,2025-05-26,at-risk
INV003681,9,51.0,26004,2025-04-22,at-risk
INV004917,7,51.0,108261,2025-04-16,at-risk
INV003091,9,50.875,35993,2025-04-23,at-risk
INV001219,8,50.857142857142854,90473,2025-02-23,at-risk
INV004843,8,50.857142857142854,74856,2025-03-29,at-risk
INV000573,7,50.833333333333336,114632,2024-11-27,at-risk
INV002199,7,50.833333333333336,22813,2024-12-15,at-risk
INV003812,7,50.833333333333336,52802,2025-05-03,at-risk
INV000527,6,50.8,115570,2025-05-19,at-risk
INV004427,11,50.8,121193,2025-05-29,at-risk
INV002389,10,50.77777777777778,37401,2025-05-08,at-risk
INV003771,10,50.77777777777778,111757,2025-04-13,at-risk
INV001295,9,50.75,66843,2025-02-14,at-risk
INV001886,9,50.75,73898,2025-04-27,at-risk
INV000331,8,50.714285714285715,124378,2025-01-12,at-risk
INV003722,7,50.666666666666664,192710,2025-03-21,at-risk
INV004472,7,50.666666666666664,33126,2025-05-18,at-risk
INV004630,9,50.625,110756,2025-02-25,at-risk
INV003738,6,50.6,21307,2025-05-05,at-risk
INV004643,6,50.6,119017,2024-10-19,at-risk
INV001728,8,50.57142857142857,142998,2025-01-03,at-risk
INV001361,7,50.5,99669,2024-11-26,at-risk
INV001314,10,50.44444444444444,196028,2025-05-02,at-risk
INV000252,6,50.4,103128,2024-10-03,at-risk
INV000981,6,50.4,68442,2025-05-21,at-risk
INV001526,6,50.4,45632,2024-10-26,at-risk
INV002422,10,50.333333333333336,78015,2025-04-22,at-risk
INV003404,8,50.285714285714285,80637,2025-02-16,at-risk
INV003903,8,50.285714285714285,70037,2025-01-24,at-risk
INV004279,8,50.285714285714285,185997,2025-02-12,at-risk
INV002590,10,50.22222222222222,151056,2025-04-24,at-risk
INV004149,6,50.2,91943,2025-01-18,at-risk
INV003975,8,50.142857142857146,64647,2025-04-27,at-risk
INV004135,10,50.111111111111114,66097,2025-04-06,at-risk
INV002689,8,50.0,78790,2025-02-23,at-risk
INV002893,9,50.0,67163,2025-02-04,at-risk
INV003599,6,50.0,94188,2024-09-30,at-risk
INV003847,8,50.0,74501,2025-05-16,at-risk
INV004455,6,50.0,21070,2025-04-21,at-risk
INV004447,7,49.833333333333336,111566,2024-12-13,at-risk
INV003655,10,49.77777777777778,180197,2025-05-06,at-risk
INV000057,8,49.714285714285715,90907,2025-04-13,at-risk
INV001800,7,49.666666666666664,100392,2024-11-08,at-risk
INV002475,10,49.666666666666664,65140,2025-05-27,at-risk
INV002527,7,49.666666666666664,9444,2024-11-11,at-risk
INV002554,7,49.666666666666664,51011,2024-10-28,at-risk
INV004258,7,49.666666666666664,26892,2025-01-22,at-risk
INV000399,10,49.55555555555556,58193,2025-03-29,at-risk
INV001759,10,49.55555555555556,108215,2025-05-08,at-risk
INV000452,9,49.375,84270,2025-04-08,at-risk
INV000853,10,49.333333333333336,61865,2025-04-10,at-risk
INV002904,7,49.333333333333336,21362,2025-04-17,at-risk
INV003582,7,49.333333333333336,74240,2025-04-09,at-risk
INV000612,11,49.3,123648,2025-05-23,at-risk
INV001673,11,49.3,81749,2025-05-18,at-risk
INV002915,8,49.285714285714285,115638,2025-02-10,at-risk
INV002195,9,49.25,141661,2025-04-03,at-risk
INV003495,10,49.22222222222222,76439,2025-04-21,at-risk
INV003018,6,49.2,48461,2024-11-14,at-risk
INV002437,7,49.166666666666664,180355,2025-02-14,at-risk
INV004981,8,49.142857142857146,53117,2024-12-14,at-risk
INV000069,10,49.111111111111114,156054,2025-05-01,at-risk
INV002206,7,49.0,119856,2024-12-12,at-risk
INV002813,7,49.0,58938,2025-02-18,at-risk
INV004338,10,48.888888888888886,134505,2025-04-20,at-risk
INV001636,9,48.875,35935,2025-01-30,at-risk
INV000239,8,48.857142857142854,161292,2025-03-24,at-risk
INV000977,10,48.77777777777778,129735,2025-03-27,at-risk
INV002294,8,48.714285714285715,93669,2025-03-08,at-risk
INV000255,6,48.6,34653,2024-11-03,at-risk
INV001995,6,48.6,76418,2024-10-18,at-risk
INV001423,8,48.57142857142857,64384,2025-01-08,at-risk
INV004712,8,48.57142857142857,119402,2025-02-21,at-risk
INV003829,10,48.55555555555556,46819,2025-04-24,at-risk
INV002185,6,48.4,87101,2024-11-13,at-risk
INV004560,9,48.375,83591,2025-03-19,at-risk
INV003559,10,48.333333333333336,131836,2025-04-04,at-risk
INV000073,9,48.25,113509,2025-04-10,at-risk
INV003007,9,48.25,50688,2025-05-26,at-risk
INV002552,10,48.22222222222222,117496,2025-03-19,at-risk
INV002870,6,48.2,46965,2024-09-15,at-risk
INV004049,6,48.2,24571,2025-04-03,at-risk
INV002935,7,48.0,50280,2025-02-20,at-risk
INV003115,6,48.0,103814,2024-12-27,at-risk
INV003311,9,48.0,43171,2025-04-28,at-risk
INV001348,7,47.833333333333336,91022,2024-12-19,at-risk
INV002407,7,47.833333333333336,68991,2025-05-16,at-risk
INV000847,6,47.8,20771,2025-01-22,at-risk
INV003634,6,47.8,65193,2024-10-11,at-risk
INV001406,10,47.666666666666664,71494,2025-05-15,at-risk
INV001986,7,47.666666666666664,93572,2025-04-15,at-risk
INV003450,10,47.666666666666664,140759,2025-05-03,at-risk
INV000030,9,47.625,76470,2025-03-06,at-risk
INV004202,9,47.625,91560,2025-04-15,at-risk
INV000493,10,47.55555555555556,130085,2025-05-03,at-risk
INV002069,10,47.55555555555556,82746,2025-03-12,at-risk
INV001738,9,47.5,157288,2025-03-10,at-risk
INV003767,9,47.5,129327,2025-02-02,at-risk
INV001853,8,47.42857142857143,158089,2025-01-17,at-risk
INV002402,7,47.166666666666664,91623,2025-05-27,at-risk
INV004680,7,47.166666666666664,22796,2025-04-16,at-risk
INV003635,10,47.111111111111114,111446,2025-03-27,at-risk
INV000293,7,47.0,70574,2024-10-17,at-risk
INV000531,7,47.0,151584,2025-04-27,at-risk
INV000609,6,47.0,44212,2024-08-23,at-risk
INV001048,8,47.0,36491,2025-02-11,at-risk
INV002390,6,47.0,90741,2024-11-10,at-risk
INV000971,7,46.833333333333336,38940,2025-05-16,at-risk
INV000408,6,46.8,47374,2024-12-05,at-risk
INV000449,6,46.8,59567,2025-02-02,at-risk
INV002712,11,46.8,102129,2025-05-19,at-risk
INV004154,12,46.72727272727273,173527,2025-05-29,at-risk
INV004400,8,46.57142857142857,187490,2025-01-29,at-risk
INV003082,8,46.42857142857143,40228,2025-02-04,at-risk
INV004996,10,46.333333333333336,84912,2025-04-25,at-risk
INV000109,9,46.25,67651,2025-03-05,at-risk
INV001318,10,46.22222222222222,112663,2025-03-18,at-risk
INV000881,10,46.111111111111114,61437,2025-02-28,at-risk
INV000048,9,46.0,40327,2025-03-30,at-risk
INV000113,8,46.0,84349,2024-12-29,at-risk
INV000292,7,46.0,123656,2025-02-13,at-risk
INV000772,6,46.0,88779,2025-01-31,at-risk
INV003860,6,46.0,134277,2025-05-11,at-risk
INV004289,11,45.9,42501,2025-05-17,at-risk
INV002950,8,45.857142857142854,52718,2025-04-07,at-risk
INV003735,8,45.857142857142854,88089,2025-02-13,at-risk
INV004358,8,45.857142857142854,82583,2024-12-31,at-risk
INV002693,7,45.833333333333336,166843,2025-03-08,at-risk
INV000865,9,45.75,164885,2025-04-16,at-risk
INV001288,7,45.666666666666664,127240,2025-01-07,at-risk
INV001580,7,45.666666666666664,85427,2025-04-23,at-risk
INV000033,8,45.57142857142857,46033,2025-05-09,at-risk
INV002726,8,45.57142857142857,41222,2025-05-03,at-risk
INV000249,7,45.5,194759,2025-01-07,at-risk
INV002142,9,45.5,118669,2025-04-30,at-risk
INV004177,8,45.42857142857143,43904,2024-12-29,at-risk
INV003872,9,45.375,147109,2025-05-13,at-risk
INV002259,7,45.333333333333336,139276,2025-01-24,at-risk
INV001990,8,45.285714285714285,60133,2025-04-30,at-risk
INV003320,8,45.285714285714285,107141,2025-02-17,at-risk
INV003601,9,45.25,59029,2025-05-15,at-risk
INV001407,6,45.2,49474,2024-08-21,at-risk
INV002645,7,45.166666666666664,89681,2024-12-12,at-risk
INV004947,6,45.0,52036,2024-09-14,at-risk
INV000858,9,44.875,70918,2025-04-21,at-risk
INV001019,9,44.875,62583,2025-02-12,at-risk
INV001262,7,44.833333333333336,135943,2025-04-01,at-risk
INV000094,6,44.8,49928,2024-11-14,at-risk
INV002102,6,44.8,90782,2025-01-26,at-risk
INV004295,9,44.75,72695,2025-01-29,at-risk
INV000086,10,44.666666666666664,81221,2025-03-13,at-risk
INV002017,7,44.666666666666664,48099,2025-01-16,at-risk
INV004805,7,44.666666666666664,90625,2025-03-30,at-risk
INV001466,6,44.6,102555,2024-10-05,at-risk
INV000586,7,44.5,138122,2024-10-16,at-risk
INV000980,8,44.42857142857143,208518,2025-03-03,at-risk
INV001828,8,44.42857142857143,57282,2024-11-29,at-risk
INV002886,7,44.333333333333336,111958,2024-10-16,at-risk
INV001562,10,44.22222222222222,66556,2025-04-03,at-risk
INV003304,10,44.22222222222222,135315,2025-02-15,at-risk
INV003024,6,44.2,49549,2025-05-03,at-risk
INV002052,7,44.166666666666664,143832,2024-10-30,at-risk
INV003317,8,44.142857142857146,75540,2025-02-05,at-risk
INV000091,8,44.0,55134,2024-11-07,at-risk
INV004579,8,43.857142857142854,26842,2025-01-25,at-risk
INV000369,6,43.8,22654,2024-10-11,at-risk
INV001457,6,43.8,85947,2024-08-27,at-risk
INV000412,8,43.714285714285715,87441,2025-05-08,at-risk
INV003948,7,43.666666666666664,125023,2025-05-03,at-risk
INV002881,6,43.6,73870,2024-11-12,at-risk
INV000460,6,43.4,35369,2024-10-05,at-risk
INV002841,6,43.4,66169,2025-04-14,at-risk
INV000279,9,43.375,61623,2025-02-11,at-risk
INV001063,8,43.285714285714285,30795,2024-12-16,at-risk
INV004864,8,43.285714285714285,85458,2025-01-02,at-risk
INV002843,8,43.142857142857146,39772,2025-05-16,at-risk
INV001938,9,43.0,46935,2025-04-01,at-risk
INV002198,9,43.0,50035,2025-04-17,at-risk
INV001142,7,42.833333333333336,60116,2025-01-09,at-risk
INV000699,6,42.8,51568,2024-10-27,at-risk
INV001753,11,42.8,111704,2025-05-09,at-risk
INV004248,7,42.666666666666664,105673,2024-11-07,at-risk
INV002304,10,42.55555555555556,88837,2025-04-15,at-risk
INV003943,9,42.5,34838,2025-03-28,at-risk
INV004460,9,42.5,22621,2024-12-28,at-risk
INV001972,8,42.42857142857143,147921,2024-11-06,at-risk
INV002149,8,42.285714285714285,71024,2025-02-23,at-risk
INV004682,9,42.25,189171,2024-12-07,at-risk
INV001037,10,42.0,73922,2025-03-10,at-risk
INV004321,9,42.0,112711,2024-12-05,at-risk
INV004297,9,41.875,122117,2025-05-20,at-risk
INV004281,8,41.714285714285715,144759,2024-11-04,at-risk
INV001002,7,41.666666666666664,38098,2024-12-07,at-risk
INV002751,7,41.5,95314,2025-01-19,at-risk
INV001069,8,41.285714285714285,96230,2025-03-18,at-risk
INV002906,6,41.2,88578,2025-01-15,at-risk
INV003405,8,41.0,95007,2025-04-15,at-risk
INV004840,7,41.0,22257,2025-01-23,at-risk
INV004410,11,40.9,80237,2025-04-15,at-risk
INV000864,6,40.8,72191,2024-08-07,at-risk
INV002579,6,40.8,136656,2025-03-06,at-risk
INV004004,10,40.77777777777778,126080,2025-05-20,at-risk
INV003153,7,40.666666666666664,82703,2024-10-15,at-risk
INV002347,9,40.5,30517,2025-04-30,at-risk
INV004017,7,40.5,30279,2024-11-30,at-risk
INV002122,7,40.333333333333336,66891,2025-05-26,at-risk
INV002927,8,40.285714285714285,84741,2025-05-10,at-risk
INV004001,8,40.285714285714285,82786,2025-03-19,at-risk
INV002391,6,40.2,59250,2024-11-22,at-risk
INV002831,6,40.2,41114,2024-12-15,at-risk
INV000011,7,40.166666666666664,93920,2024-08-31,at-risk
INV004326,10,40.111111111111114,113261,2025-04-18,at-risk
INV000823,7,39.666666666666664,49395,2024-10-16,at-risk
INV004617,9,39.25,110799,2024-12-12,at-risk
INV003558,7,39.166666666666664,76056,2024-10-31,at-risk
INV002384,10,39.111111111111114,107297,2025-05-23,at-risk
INV001920,7,39.0,111406,2025-04-24,at-risk
INV002467,8,38.857142857142854,200058,2024-10-01,at-risk
INV004007,7,38.833333333333336,30426,2024-09-12,at-risk
INV001025,6,38.8,77009,2025-01-29,at-risk
INV004834,9,38.625,172198,2024-12-10,at-risk
INV000446,6,38.6,31195,2024-08-24,at-risk
INV002445,8,38.142857142857146,93265,2024-11-17,at-risk
INV003009,9,38.125,44642,2025-04-17,at-risk
INV002723,9,37.75,44585,2025-05-29,at-risk
INV000328,9,37.5,64273,2025-01-03,at-risk
INV003338,9,37.5,153954,2025-03-17,at-risk
INV000155,7,37.333333333333336,57530,2025-01-28,at-risk
INV002865,6,37.2,101007,2024-10-24,at-risk
INV004511,6,37.2,43556,2025-04-08,at-risk
INV000714,9,37.0,47519,2025-03-30,at-risk
INV002688,9,37.0,127567,2025-04-17,at-risk
INV001210,9,36.875,84090,2024-12-24,at-risk
INV004807,8,36.857142857142854,33686,2025-05-04,at-risk
INV000665,10,36.22222222222222,56140,2025-04-13,at-risk
INV000052,6,36.2,24378,2024-09-28,at-risk
INV003045,6,36.2,32392,2024-09-04,at-risk
INV003455,7,35.5,79732,2024-12-16,at-risk
INV002464,6,35.4,50372,2024-08-16,at-risk
INV004134,6,35.4,19310,2024-07-01,at-risk
INV000676,11,35.3,174741,2025-04-28,at-risk
INV003025,8,35.285714285714285,71546,2024-10-22,at-risk
INV000566,7,35.0,120009,2025-03-22,regular
INV003772,9,34.5,28922,2024-12-20,regular
INV000707,9,34.375,50988,2025-05-09,regular
INV003382,6,34.2,70423,2024-12-31,regular
INV004246,7,34.166666666666664,97439,2024-09-10,regular
INV004927,7,34.166666666666664,95667,2024-09-17,regular
INV001672,9,34.0,90532,2024-12-27,regular
INV004542,7,34.0,59894,2024-09-05,regular
INV003650,11,33.9,43669,2025-01-28,regular
INV002509,10,33.666666666666664,117779,2024-12-06,regular
INV002092,7,33.5,63358,2024-12-07,regular
INV002037,6,33.2,58317,2024-08-17,regular
INV002388,6,33.2,109517,2025-05-12,regular
INV003678,6,32.8,49783,2025-04-28,regular
INV000785,6,32.6,29312,2025-03-22,regular
INV000930,8,32.42857142857143,92989,2025-03-03,regular
INV002810,8,32.285714285714285,198382,2025-02-07,regular
INV000624,7,31.666666666666668,131937,2024-08-08,regular
INV000935,9,30.875,152824,2024-10-16,regular
INV004356,6,30.8,27375,2025-03-28,regular
INV003828,7,30.666666666666668,130613,2024-08-27,regular
INV001775,8,29.142857142857142,92864,2025-05-04,regular
INV000750,9,26.5,95979,2025-03-03,regular
INV001099,8,26.142857142857142,135739,2025-01-27,regular
INV000334,7,25.5,43720,2024-12-06,regular
INV002298,6,23.2,79273,2025-01-24,regular
INV002705,8,22.571428571428573,53493,2024-09-16,regular
INV002374,6,21.2,87120,2025-02-04,regular
INV004701,7,20.0,40757,2024-05-30,regular
INV001822,6,19.8,43103,2024-06-23,regular
